created_at,title,type,url,visibility,email,full_name,role,subteam
1764484735880,Low rich present involve.,file,https://olson-williams.com/,attendee,emily04@hotmail.com,Michael Palmer,admin,
1764484735880,Nature responsibility reflect off really attorney require.,url,https://moody.com/,attendee,jason13@hotmail.com,Jeremy Perez,admin,
1764484735880,Increase want whose fear represent worry.,file,https://www.griffin.com/,attendee,tinawhite@gmail.com,Caitlin Lewis,admin,
1764484735881,Time only collection letter American.,file,https://turner.org/,shared,igarcia@gmail.com,Jacob Andrade,admin,
1764484735881,Trouble under try fact best.,url,https://www.duran.com/,shared,morenolauren@gmail.com,Tyler Wright,admin,
1764484735881,Increase probably majority cell deep.,url,https://www.robinson-perkins.biz/,attendee,matthew71@gmail.com,John Marsh,admin,
1764484735881,Describe man they several very.,url,http://nash-vargas.com/,shared,blewis@gmail.com,Christine Thomas,admin,
1764484735881,Bring treat seek concern page.,file,https://santos-rodriguez.com/,attendee,blewis@gmail.com,Christine Thomas,admin,
1764484735881,Movement beautiful citizen standard rate.,file,https://www.wilson-baldwin.biz/,shared,uyoung@gmail.com,Curtis Berry,admin,
1764484735881,Since service clearly throughout interesting.,file,http://smith.info/,shared,josephjohnson@yahoo.com,Brandon Miller,admin,
1764484735881,Lead small yourself manage article.,url,https://www.banks.biz/,attendee,reyesdaniel@hotmail.com,Megan West,admin,
1764484735881,War ten sure rock bed.,file,http://www.cobb.com/,shared,tanner94@gmail.com,Rebecca Anderson,admin,
1764484735881,Ask begin about while old.,file,https://hoffman.com/,attendee,leah85@gmail.com,Tina Gutierrez,admin,
1764484735882,Unit serve remember together nature detail.,file,https://washington.org/,staff,diazangelica@gmail.com,Donna Harris,admin,
1764484735882,Lawyer minute need point.,url,https://kelley.com/,shared,fmerritt@gmail.com,Anthony Cherry,admin,
1764484735882,Why form cold tonight cover money.,file,https://www.leblanc.com/,shared,yturner@yahoo.com,Allison Marshall,admin,
1764484735882,Argue camera standard deal they finally.,file,http://ferrell-carter.com/,staff,diazangelica@gmail.com,Donna Harris,admin,
1764484735882,Color popular face.,file,https://green-espinoza.com/,attendee,llee@yahoo.com,Angela Stone,admin,
1764484735882,Level career kid film eat cell.,url,https://clark-campbell.com/,staff,christopher81@yahoo.com,Andrew Brooks,admin,
1764484735882,Play discuss find imagine another similar.,url,http://www.curry.net/,staff,tanner94@gmail.com,Rebecca Anderson,admin,
1764484735882,Blood trial director within.,url,https://hopkins.info/,shared,morenolauren@gmail.com,Tyler Wright,admin,
1764484735882,Reduce left glass president hard.,file,https://smith.com/,attendee,llee@yahoo.com,Angela Stone,admin,
1764484735883,Situation art student better character employee.,file,https://bishop.com/,shared,morenolauren@gmail.com,Tyler Wright,admin,
1764484735883,Why with break.,url,http://www.ibarra.org/,shared,tanner94@gmail.com,Rebecca Anderson,admin,
1764484735883,Ready prove new stand surface.,url,http://hernandez.com/,staff,leah85@gmail.com,Tina Gutierrez,admin,
1764484735883,Officer man chair could section.,url,http://www.phillips-berry.com/,shared,matthew71@gmail.com,John Marsh,admin,
1764484735883,Nothing television us cup late.,file,http://www.williams-watkins.com/,staff,nandrews@hotmail.com,Alexis Olson,admin,
1764484735883,Fire possible wait three.,url,https://brown.com/,attendee,tpotts@yahoo.com,Hannah Riley,admin,
1764484735883,Current enter authority believe.,file,https://www.hensley-mccullough.com/,shared,blewis@gmail.com,Christine Thomas,admin,
1764484735883,Arrive star painting over letter.,file,http://www.wallace.com/,staff,jason13@hotmail.com,Jeremy Perez,admin,
1764484735883,Me decision toward believe seem sort.,file,https://wilson.com/,attendee,williamsjoshua@gmail.com,Kayla Rios,admin,
1764484735883,Environment north movement manage wonder.,url,https://robles.biz/,staff,kyle83@hotmail.com,Linda Young,admin,
1764484735883,According world hold treatment professional central.,url,https://www.wilson.biz/,attendee,blewis@gmail.com,Christine Thomas,admin,
1764484735883,Right record lawyer item.,url,https://www.blair.com/,attendee,leah85@gmail.com,Tina Gutierrez,admin,
1764484735884,Theory hard leave.,file,http://gibson.net/,shared,tanner94@gmail.com,Rebecca Anderson,admin,
1764484735884,Church economic suffer more.,url,https://gutierrez.org/,attendee,fmerritt@gmail.com,Anthony Cherry,admin,
1764484735884,Have unit player laugh if name.,file,http://miller.com/,attendee,nandrews@hotmail.com,Alexis Olson,admin,
1764484735884,General challenge medical detail.,file,http://www.gardner.biz/,attendee,llee@yahoo.com,Angela Stone,admin,
1764484735884,Nearly quite by.,url,http://page-cardenas.org/,attendee,tpotts@yahoo.com,Hannah Riley,admin,
1764484735884,President true feeling use ok.,file,http://www.freeman.net/,staff,sandra78@hotmail.com,Daniel Wright,admin,
1764484735884,Learn election less.,file,https://www.ortega.info/,attendee,yturner@yahoo.com,Allison Marshall,admin,
1764484735884,Vote point nor.,url,https://www.henderson-smith.biz/,attendee,josephjohnson@yahoo.com,Brandon Miller,admin,
1764484735884,Spring computer many.,url,https://www.horn-ingram.net/,shared,michael72@gmail.com,Christina Martin,admin,
1764484735884,Decision school action cost open minute.,file,https://www.figueroa.com/,attendee,tpotts@yahoo.com,Hannah Riley,admin,
1764484735884,Chance body group.,file,https://www.weeks.com/,staff,christinemaynard@hotmail.com,Sherry Bruce,admin,
1764484735884,Best four benefit various low.,file,http://www.holland.com/,staff,diazangelica@gmail.com,Donna Harris,admin,
1764484735884,Many run better best life.,url,https://www.chapman.com/,attendee,diazangelica@gmail.com,Donna Harris,admin,
1764484735885,Whole avoid sea personal.,url,http://www.ryan.info/,attendee,reyesdaniel@hotmail.com,Megan West,admin,
1764484735885,Others this type.,url,http://sandoval-mills.com/,attendee,reyesdaniel@hotmail.com,Megan West,admin,
1764484735885,Half day everything real station item.,url,http://taylor.net/,staff,christinemaynard@hotmail.com,Sherry Bruce,admin,
