created_at,channel,visibility,title,message,email,full_name,role,subteam
1764484604829,website,attendee,Fall sound product wife can.,Black school seem report career art ten represent across west account bad yes soldier hour painting Congress plant heavy anything first.,jevans@yahoo.com,Dr. James Porter,admin,
1764484604829,email,shared,To race particularly local.,Impact benefit letter particular program on bar clearly American so current themselves note girl likely series great because consumer difference.,sarahbrown@yahoo.com,Melvin Ramos,admin,
1764484604829,website,attendee,Material hundred police beautiful reality soldier every.,Official usually certainly significant his establish with cover public business environment consumer PM may animal.,vdaniels@gmail.com,April Adams,admin,
1764484604829,email,shared,Fight history minute.,Crime avoid red hope rest board new little smile usually discover interview maybe sing station west across before than enter color why item less care sell mother chance institution mind yeah other read couple.,jasongreen@hotmail.com,Kevin Weber,admin,
1764484604829,email,shared,Join several must state pick.,Sort security skin later security table conference which lot idea model unit should fund behavior budget hour property spring keep three some threat through far about note.,vargasjacob@yahoo.com,Tracy Davis,admin,
1764484604829,email,shared,Effort court realize.,Order result agree evening provide already suffer experience campaign stop nature cut difference model situation administration relate especially short than glass state voice traditional think.,scampbell@yahoo.com,Aaron Barnes,admin,
1764484604829,email,attendee,New writer draw during personal.,Lawyer clearly health dog meeting letter play vote maintain sound walk there once pay name least perhaps somebody where record from view.,manuelcline@hotmail.com,Derrick Jackson,admin,
1764484604829,email,shared,Whatever site perhaps help.,Yet able free in watch task force official bag drug college agree easy high compare mention white.,manuelcline@hotmail.com,Derrick Jackson,admin,
1764484604829,website,staff,Learn trade matter.,Building manage staff simply feel phone admit mean page staff successful reveal land maintain leave consider particularly quite.,vargasjacob@yahoo.com,Tracy Davis,admin,
1764484604829,website,staff,Soon record pay language science.,Way bit however story Republican send behavior with part that for professional pretty specific surface available early ground medical join former imagine keep.,kimberly25@gmail.com,Laura Harrison,admin,
1764484604829,website,shared,Possible rich involve.,Past administration organization everything able election exactly test deep color fight enough green so join people trouble where his say president.,vargasjacob@yahoo.com,Tracy Davis,admin,
1764484604829,website,attendee,Option history for politics.,Past age break agent green again money happy this suddenly what much phone face ten can pressure watch five produce explain audience argue may.,jeremiahpaul@hotmail.com,Kayla Lindsey,admin,
1764484604829,email,attendee,Fight into blood price.,Office eight language chance able black bad director gun race player lead television talk place they focus instead interest evening general interesting manager wait themselves professor here.,anthony32@yahoo.com,Donna Roberts,admin,
1764484604829,website,shared,Forward military write individual tend up.,Seek foot age Mrs production data rather if debate chair all three join president professional develop their finish become especially threat administration decade.,kimberly25@gmail.com,Laura Harrison,admin,
1764484604829,website,staff,Reality seat conference significant bed almost.,See but late arrive field operation wide cut wall play become view chance attack article method to.,lesliebridges@hotmail.com,Dorothy Torres,admin,
1764484604829,website,attendee,Single per probably throw.,Same cold our college sport more in quality southern class difference themselves nearly light music media without animal stand view wish action inside main real model pull identify back material fish keep.,hannahhampton@hotmail.com,Amy Hooper,admin,
1764484604829,email,attendee,Citizen south indeed program their.,Air present brother this but know thus order security peace environmental life debate mind financial authority above what decision wish difficult wonder exactly sign.,judithwilliams@gmail.com,Holly Wilson,admin,
1764484604829,website,attendee,Goal voice benefit science.,Push light wish realize section kitchen continue administration traditional get unit language beyond occur seat relationship.,yhaley@yahoo.com,John Lester,admin,
1764484604829,email,shared,Evidence fast paper reality cover government.,Carry bed grow Mrs see avoid feeling take baby five sea with through arrive somebody technology push purpose meeting decade individual final season yard skill environment Mr remain apply like receive.,pvalenzuela@yahoo.com,Dale Conley,admin,
1764484604829,email,attendee,Newspaper door help character house party activity.,Return open he west view crime put but election strong no community push hundred end boy.,vargasjacob@yahoo.com,Tracy Davis,admin,
1764484604829,email,attendee,Reason score like.,Raise boy key away short avoid soldier technology professional next report which what our lead check job forget draw politics impact national thought mention because space receive give crime mother artist detail baby.,jevans@yahoo.com,Dr. James Porter,admin,
1764484604829,email,shared,Protect Mrs go identify beautiful.,Without art admit poor scientist site economy series beat machine much company conference same want no project show town would.,vargasjacob@yahoo.com,Tracy Davis,admin,
1764484604829,email,staff,Feeling cultural speak head.,Discussion reflect necessary image wonder yourself office ok then real newspaper pick firm make add article talk second picture area station run who dream case possible military may.,pvalenzuela@yahoo.com,Dale Conley,admin,
1764484604829,email,shared,For page air conference subject.,Him would believe war throw talk assume people kind ability wind six reveal tree minute wife attention attention individual hear hotel compare explain bank fill age well.,lesliebridges@hotmail.com,Dorothy Torres,admin,
1764484604829,email,shared,Use agent who nice including hundred.,Speak man her mouth sense single coach face easy behind me visit gun choose financial many soon lay war keep one.,xanthony@hotmail.com,Nicole Rivera,admin,
1764484604829,website,staff,Painting weight television dream eight make.,Free newspaper old gun mother garden month as simple try chance great full voice rate.,yhicks@gmail.com,Cindy Collins,admin,
1764484604829,email,shared,Easy moment movement term task wide.,Fight them stuff bit a lot himself likely data hold identify table Congress tree knowledge foot amount seven produce.,melissasmith@gmail.com,Hannah Richards DVM,admin,
1764484604829,website,shared,Painting among appear very few.,Head hope actually in together degree media plan admit ever between situation easy anyone degree ability watch sort idea peace look nature left.,jeremiahpaul@hotmail.com,Kayla Lindsey,admin,
1764484604829,website,staff,Especially know reach security yard.,Federal try Mr agreement drug treat relationship military set cold agree college science main enjoy likely song method quality form tree compare strategy physical parent that senior society book city management stock hear.,jasoncunningham@gmail.com,Kevin Parrish,admin,
1764484604829,email,shared,Base night court report finish day.,Voice happy half standard commercial control news blue go most laugh billion guy tonight serious anyone live.,lesliebridges@hotmail.com,Dorothy Torres,admin,
1764484604829,website,shared,Thought already area interview.,Lawyer treat crime price beat boy account important religious goal well picture price feeling however add side possible enough community that land rest structure surface agreement world stay must south even bit.,vdaniels@gmail.com,April Adams,admin,
1764484604829,website,attendee,Foot until toward.,Draw tend floor between go pull matter risk produce important land final common smile own seek institution picture event expert suddenly per pull tax front follow subject benefit travel change.,dclayton@hotmail.com,William Griffin,admin,
1764484604829,email,staff,Son score radio collection.,Fine get start past mother life music east book break push body provide establish politics among night beat son region body key.,sandra96@yahoo.com,Sara Cruz,admin,
1764484604829,website,shared,Cause man alone road necessary political.,Blood discover she consumer care season way service surface must executive view event special center gun serve dog future man close matter change buy somebody skill staff military company source fire hour prevent individual.,kimberly25@gmail.com,Laura Harrison,admin,
1764484604829,email,shared,Single end card during simple home could.,Interview appear she together scientist any second operation mind my until drop party here challenge spend conference loss risk help.,hannahhampton@hotmail.com,Amy Hooper,admin,
1764484604829,email,attendee,Thought weight manager usually arm.,Thank carry yard save society suffer information page science city consumer federal series think bag.,xanthony@hotmail.com,Nicole Rivera,admin,
1764484604829,email,staff,Order tell kid.,Relationship tax nation goal structure should bed enter economic later teach theory less administration bar impact billion stock.,melissasmith@gmail.com,Hannah Richards DVM,admin,
1764484604829,website,shared,Blood what former between.,Majority record view perform dinner be event him plan on truth baby card somebody accept performance authority run year heavy community development ability blood long serious.,mendezrebekah@gmail.com,James Smith,admin,
1764484604829,website,shared,Return real stop movement capital.,American spend week important travel want year boy less onto hour agency task nearly moment important onto themselves piece trouble Mr box between.,jeremiahpaul@hotmail.com,Kayla Lindsey,admin,
1764484604829,email,attendee,Before range example over anything.,Remember language leave near yet development wish plant charge region determine town still worker book base real crime evidence statement article win source since avoid.,lesliebridges@hotmail.com,Dorothy Torres,admin,
1764484604829,email,staff,Black cup religious peace.,Parent according work career report leg rule news drop them bill white type lawyer view between see politics per attention speech.,kimberly25@gmail.com,Laura Harrison,admin,
1764484604829,email,attendee,Around describe nation task argue perhaps.,Agreement radio decade agent actually health attention send sound music nothing performance activity table section audience itself particularly.,shannonsweeney@yahoo.com,Edward Alexander,admin,
1764484604829,website,shared,Radio professional a throughout sister.,Pay year billion similar teacher nature light nice so large great foot their still care.,jasongreen@hotmail.com,Kevin Weber,admin,
1764484604830,email,shared,Moment rather common window size.,Woman treat each break must anything bed surface approach huge however writer body question commercial heavy institution instead pressure middle surface attack management any company evidence something yeah bag send inside power population wonder.,jasongreen@hotmail.com,Kevin Weber,admin,
1764484604830,email,shared,Environment hundred sea professional speak start.,Hard perform officer movie speak strategy protect collection common charge bar decide budget bed top cause process chance.,scampbell@yahoo.com,Aaron Barnes,admin,
1764484604830,email,attendee,Itself look blood very.,Its remain carry win spring of however weight better oil eight four should city avoid think forget sport thing peace audience just themselves over fly.,shannonsweeney@yahoo.com,Edward Alexander,admin,
1764484604830,website,staff,Yet but star street fast.,Lawyer war even window help even alone perhaps himself range all require until while challenge discuss conference cover finish answer.,brianramos@yahoo.com,Timothy Clarke,admin,
1764484604830,email,attendee,Store develop especially candidate because.,Majority material training century bed director design manager color movement state remain smile near information effect left when than minute information high share I new free central campaign form between feeling determine family will.,cbrady@yahoo.com,Sharon Schmitt,admin,
1764484604830,website,attendee,Magazine machine stage star area.,Investment turn however treatment animal onto social early else performance hair government above owner whatever mind inside occur market reason better hold across Democrat current magazine research expect opportunity of.,vgreen@yahoo.com,Kelly Lee,admin,
1764484604830,website,staff,Move social operation.,Successful step charge down woman clearly rule understand somebody word support carry our scene by participant game or bank hear beautiful hope positive view.,jevans@yahoo.com,Dr. James Porter,admin,
