created_at,help_type,priority,status,details,email,full_name,role,subteam
1765427952270,other,medium,resolved,Condition smile everything answer hold account college along friend wear energy agency single else north play.,fdavis@hotmail.com,Jonathan Olsen,attendee,
1765427952270,other,high,resolved,Across purpose over already agent sure tax case health most teacher top floor wrong identify other present no recently while decade political share rather available interest develop speech skill someone three ground need as.,qrandall@yahoo.com,Jessica Delacruz,attendee,
1765427952270,other,low,resolved,Sing difference develop image know above time old picture day seem however mission themselves store owner show detail.,ryanwhite@gmail.com,Mindy Johnson,staff,technology
1765427952270,other,low,resolved,Its game who us stay bank care system customer enough worker southern life mission already best difficult crime full.,eadams@hotmail.com,John Graves,attendee,
1765427952270,other,low,pending,Center until surface marriage final should statement recognize read field quality city during very far bed doctor thousand hot would management ability investment than all computer yeah free power however travel.,samantha81@yahoo.com,David Anderson,attendee,
1765427952270,urgent,medium,pending,Focus bar throw help last marriage hospital agency take Mrs moment right gas strategy safe seem both quickly follow foreign stock onto camera Congress radio organization pass at apply deep wonder pay represent begin.,ericarogers@hotmail.com,Thomas Wong,staff,security
1765427952270,other,low,failure,Side over hospital drive keep individual particular sign animal blood start chair today direction they early region time reduce suddenly kind let.,zwoods@hotmail.com,Billy Manning,staff,technology
1765427952270,urgent,high,resolved,Station mother four church computer entire ahead scene this minute himself nor standard Mrs recently cut national hard unit together a lot bank particularly fine situation test create first up through rule.,hwilliams@gmail.com,David Thompson II,attendee,
1765427952271,other,medium,resolved,Natural front individual career animal must participant reduce fish father successful long center very figure.,josephcollins@gmail.com,Bryan Huynh,attendee,
1765427952271,question,high,pending,Prepare news three game war most cost several expert bad seven way TV lead teacher near scene arm from finish contain plant discussion it challenge that where left just section maybe even.,mellis@gmail.com,Timothy Larsen,attendee,
1765427952271,question,high,resolved,Sense rock box job me national increase successful college guy born wait exist hot try us two trade coach watch hope fear stuff cell one us low ground middle per follow cost order.,alicia79@gmail.com,Lisa Gomez,staff,security
1765427952271,urgent,medium,pending,Magazine age want near can close customer try kind computer never painting stand try character collection will work too end collection newspaper spend keep fall partner staff.,seanparker@hotmail.com,Katie Jones,attendee,
1765427952271,urgent,medium,pending,Coach list general up name during event my here source wife travel care citizen clearly reduce Congress meet community whose someone if hot trouble add throughout east opportunity write fly always skill.,cainshelley@yahoo.com,Jordan Sanchez,staff,registration
1765427952271,urgent,low,pending,Film like indicate manage of sister direction involve chair owner task food current work describe message wind eat back course order improve him argue herself particularly knowledge director town produce low week health.,lowetroy@yahoo.com,Renee Hudson,attendee,
1765427952271,other,high,pending,Mind ok practice myself agreement knowledge someone ground entire full page instead especially yes cold season far law rather hair price him policy.,zmiddleton@gmail.com,Justin Edwards,staff,logistics
1765427952271,question,high,pending,Every during ten four move heavy again city increase add exist speak top through today beautiful into boy forget.,smithcharles@hotmail.com,Michael Davidson,attendee,
1765427952271,question,high,resolved,Live let experience sound whole customer let loss receive citizen daughter eye process forward edge down ahead.,ecarpenter@hotmail.com,Summer Blevins,staff,registration
1765427952271,urgent,medium,failure,Foreign paper character put become loss bring mention coach well information either majority reveal you pull type suggest boy everybody really level program politics ability call establish adult as still.,roberto45@gmail.com,Carol Bryant,attendee,
1765427952271,other,low,resolved,Tv later want tell check debate event should when artist visit different quality word great grow friend.,loripatterson@yahoo.com,Peter Burns,staff,technology
1765427952271,other,medium,pending,Matter beautiful condition air six always bring something speech none dinner hundred you part upon positive against law something approach decade become.,clarkangela@hotmail.com,John Castillo,attendee,
1765427952271,other,high,pending,Agreement safe part argue choice significant government eat whether answer its kid stock street board moment support material certain oil it together rule body.,qpadilla@gmail.com,Nicholas Martin,staff,operations
1765427952271,question,high,pending,Pass part effect whether learn customer mission too scene wish garden return probably peace particular quality scientist similar line no herself war total see interview establish certain student government method control.,cdavis@yahoo.com,Robert Velazquez,attendee,
1765427952272,urgent,medium,resolved,Try ask charge identify stand whole south form order many former career notice full series future carry would here her want wish while that interview lay cause look set push section include.,uperry@yahoo.com,Rachel Johnson,attendee,
1765427952272,question,high,failure,Forward friend off adult idea act tend action never today yourself and debate know arm range nature best mention six.,rachel14@gmail.com,Jeremy Knapp,attendee,
1765427952272,urgent,high,resolved,Back toward magazine reveal travel hair religious those figure foreign test wide kind cup believe defense lay ask unit concern reason sometimes down authority situation become behavior something should world employee.,daniel68@hotmail.com,Danielle Stevens,staff,logistics
1765427952272,other,medium,pending,History good network weight around man several fine study very hundred represent population authority top learn try north news generation evening significant heart perhaps goal family seven soon describe.,charlessanchez@gmail.com,Jessica Greene,attendee,
1765427952272,other,low,pending,Rich expect learn take direction only off environmental yeah such travel left happen yeah sound provide meet risk management nearly book article pick resource ever federal.,browndaniel@yahoo.com,April Estrada,attendee,
1765427952272,question,low,pending,Out international fly anyone man describe each career least able color stay relate with develop couple east quality seven center different human reflect any north ground third effort half hospital various value.,qhanson@yahoo.com,Christina Nichols,attendee,
1765427952272,urgent,high,failure,Energy today small this inside feel leader often strategy analysis product final bed administration PM eight environmental to site ago bar our teach charge drug relate behind cell manager information under could lose sister.,vwhite@yahoo.com,Kristin Williams,attendee,
1765427952272,other,low,failure,Collection after rate crime consider school check compare just break decade reduce off scientist factor the.,joelporter@gmail.com,Jennifer Thornton,staff,finance
1765427952272,urgent,medium,resolved,Hit hot change example image yourself deep whole man family look else benefit look term whose my ready reach finally image each various seek happen.,patrick89@hotmail.com,Stacy Harrington,staff,security
1765427952272,question,low,failure,Second everybody stock work if grow than maintain stand create poor short successful recently begin white phone structure order sing single simply while few pattern he.,wrichards@yahoo.com,Bryce Crawford,attendee,
1765427952272,urgent,medium,pending,Public study call make behavior mission tend her beat hand see quite simple reach summer both avoid quite identify worry pretty war option dream.,smithchristopher@yahoo.com,Jennifer Mathews,attendee,
1765427952272,question,high,pending,Continue now late less finally camera to middle policy product stop campaign major shoulder turn several inside end she do south carry talk commercial international economy mission gun not everyone yeah.,martinrebecca@yahoo.com,Stephanie Lawrence,staff,operations
1765427952272,other,medium,pending,Dream green well agreement baby system first time whatever indeed will war pay control cover you billion pay affect seat coach though move.,fpittman@gmail.com,Kevin Harris,staff,security
1765427952272,urgent,medium,resolved,Including maybe him south build tonight across understand tree happy whether return ability issue yourself house husband film either how allow focus provide others send up down.,brownchristian@yahoo.com,Pamela Jones,attendee,
1765427952272,urgent,medium,pending,Crime once question idea travel condition protect little position very performance purpose coach fast imagine response form.,heather27@yahoo.com,Austin James,attendee,
1765427952272,other,high,pending,Image property remain although true help edge experience figure those parent animal cause remember environmental threat travel perform.,pmathis@yahoo.com,Mary Fox,attendee,
1765427952273,other,low,failure,Appear operation show view create four animal continue serious about understand interesting direction fill without despite over language better none position onto should and analysis.,carly48@yahoo.com,James Farmer,attendee,
1765427952273,other,low,resolved,Positive effort mean pretty government glass during respond attack finish live bank stand culture bed employee near.,sheilawalker@yahoo.com,Dr. Bradley Mitchell Jr.,attendee,
1765427952273,question,medium,failure,Success where camera son together report situation buy loss never street city possible require card.,toni76@gmail.com,Rebecca Miller,attendee,
1765427952273,question,high,pending,Tax next adult year spend stay still control too born should population for before skill even conference pass hundred main three where weight receive far hot marriage country traditional space.,cynthia53@yahoo.com,Omar Herrera,attendee,
1765427952273,question,high,pending,Explain your manage at tend sound success night computer require hand main fine yard international group song purpose sit character job five phone fight term.,gregory55@gmail.com,Jonathan Joseph,staff,logistics
1765427952273,question,low,resolved,Ball office everybody write war lay none management general write stuff interview nice technology around people again close such ability fast life some side person mission.,krystal44@yahoo.com,Jennifer Rios,attendee,
1765427952273,other,medium,resolved,Fight now after dinner none goal cup join how drive affect reach political especially American hot sister consumer enough body subject fish sound spend low.,christinaclark@yahoo.com,Nicole Hopkins,attendee,
1765427952273,urgent,high,failure,Consumer stop well growth eat however side last maintain speech agreement individual speak ever go five final no garden everything alone dog know energy fund general.,kellyshaw@yahoo.com,Matthew Barnes,attendee,
1765427952273,urgent,low,resolved,Early later sense treatment way close likely method new understand race marriage picture practice next reach.,pearsonfrank@yahoo.com,Joseph Morton,attendee,
1765427952273,other,low,failure,Continue everybody other finally father training expert all be century common down reflect south million nor strategy.,eparker@yahoo.com,Dr. Tracy Ray,staff,operations
1765427952273,urgent,low,pending,Measure word form present especially scene build Democrat live stand continue wrong fund four really offer specific word forget career bill song region data together near worker.,melendeznancy@hotmail.com,Candice Blair,attendee,
1765427952274,other,medium,pending,Me son another foreign religious method some choice significant according different pay great ball social soon call throughout even cause available change since get culture certain back sport else.,robertobryant@gmail.com,Kim Zamora,staff,operations
