full_name,email,phone,role,subteam,school,grade,company
William Hanson,xgonzalez@gmail.com,344.346.6243x4489,attendee,,North Chase High School,ninth grade,Burton and Sons
Karen Flowers,jill96@yahoo.com,+1-840-513-8176,attendee,,Meganville University,other,"Thomas, White and Kelly"
Kayla Durham,rebeccamullen@yahoo.com,(856)932-1955x27748,attendee,,West Jessica High School,twelfth grade,"Moses, Pratt and Summers"
Charles Palmer,davisjason@yahoo.com,7068923099,attendee,,Jonathanfurt High School,twelfth grade,"Gibbs, Brown and Atkins"
Jacqueline Sweeney,connor26@yahoo.com,437.235.5899x693,attendee,,New Kellymouth University,freshman,Stewart Inc
Chelsey Smith,pedro69@yahoo.com,723-429-3275x346,attendee,,Gonzaleztown High School,ninth grade,Morrison Ltd
Taylor Mosley,cynthia71@gmail.com,(271)467-3574x73908,attendee,,Lake Samuel High School,twelfth grade,"Kennedy, Christensen and Schmidt"
Rebecca Johnson,mthompson@hotmail.com,9287223499,attendee,,Johnland University,masters,Lee and Sons
Susan May,jennifer86@gmail.com,001-261-779-3812x316,staff,technology,North Amberland University,freshman,Andrews and Sons
Amy Farrell,rgreen@hotmail.com,418.949.7491,staff,registration,Juanport University,other,"Rodriguez, Summers and Phillips"
Angela Miller,davidfletcher@gmail.com,001-881-217-3341x0185,admin,,South Ericmouth University,masters,Griffin Group
Michael Myers,kyle04@gmail.com,393.640.4223,attendee,,South Kiara University,freshman,"Carrillo, Holt and Hudson"
Laura Davis,pgarcia@yahoo.com,997.669.8559,attendee,,East Georgeberg High School,eleventh grade,Lopez-Doyle
Cynthia Cunningham,richardsonjesse@yahoo.com,897-452-6212x95038,attendee,,Michaelfurt University,freshman,Clark-White
Joseph Diaz,vwatts@hotmail.com,931-306-3096,attendee,,East Alyssafurt High School,ninth grade,"Ortiz, Parker and Mendez"
Sylvia Roberts,patrickwillis@hotmail.com,857-827-0458,attendee,,Port Stephenchester High School,tenth grade,White-Stevenson
Laura Scott,richardsweeney@yahoo.com,001-555-424-0534,staff,logistics,North Michaelton University,phd,Wilson-Ward
Robert Hoffman,gcombs@yahoo.com,(600)861-2793x5463,attendee,,East James High School,ninth grade,Garrett-Simpson
Stephen Stewart,eharris@yahoo.com,(333)931-4925x20511,attendee,,Sullivanside High School,ninth grade,Cain Inc
James Wright,angela07@hotmail.com,+1-851-312-9687,attendee,,Hayesberg University,other,Bates-Bennett
Brandon Cantu,xmcpherson@yahoo.com,583-613-8760,attendee,,South Juan High School,tenth grade,"Hines, Cook and Pacheco"
Robert Carney,paul20@hotmail.com,001-511-824-6467x47224,attendee,,Robertsstad High School,twelfth grade,Price and Sons
Sarah Williams,stevejohnson@gmail.com,+1-959-944-3798x4896,staff,finance,Cheryltown University,senior,"Gregory, Taylor and Nelson"
Lisa Dean,wilsonjaclyn@yahoo.com,+1-956-716-8036x20450,staff,finance,Diazmouth University,senior,"Shah, Perez and Johnson"
William Robinson,baileyjesus@yahoo.com,216-577-0950x11312,attendee,,Harrisborough University,phd,"Baker, Williams and Carter"
Christopher Perry,lisa26@yahoo.com,417.380.3410,staff,registration,Lake Matthewshire University,other,Valdez-Pham
Edward Gibbs,nicole95@gmail.com,(291)426-9407x56206,attendee,,Michaeltown University,other,"Frey, Williams and Velazquez"
Kristin Lopez,maria45@hotmail.com,407.974.8935x77463,staff,operations,North Johnberg University,senior,Huber-Lynn
Mr. Aaron Wilkins,cathy63@yahoo.com,326-850-6171,attendee,,South Haley University,phd,"Villanueva, Mills and Logan"
Joseph Hancock,williamhurley@gmail.com,204-908-5445x05830,attendee,,Kimberlystad University,senior,Stanley-Chavez
Danielle Tate,flee@yahoo.com,8903541680,attendee,,Hardinbury University,sophomore,Frank Group
Michael Cook,robertmurphy@hotmail.com,606-242-0947x00866,attendee,,Lake Mary University,other,Knight Inc
Matthew Henry,mindy42@gmail.com,789.463.5710x03912,attendee,,South Natalie University,freshman,Jones-May
Michael Murray,cmaldonado@gmail.com,783.765.9575,attendee,,South Victoria University,phd,Morgan and Sons
Sandra Peterson,brian64@gmail.com,(755)790-3016x3681,attendee,,Lake Charles University,phd,Sanchez and Sons
Justin Peters,connorwashington@gmail.com,+1-915-250-6624x5493,staff,registration,South Elizabeth High School,ninth grade,Dawson LLC
Michael Smith,johnsonryan@gmail.com,001-426-778-0654x88684,attendee,,Lake Tonyaville High School,ninth grade,Kirk LLC
Erica Dawson,ycobb@hotmail.com,857.282.2456x60512,admin,,Sandraton University,junior,Reid Ltd
Anne Meyer,jadejohnson@gmail.com,352-242-9897,attendee,,Burnshaven High School,tenth grade,Smith Inc
Dr. John Smith,murillocarol@yahoo.com,568-320-3624,staff,registration,East Julia High School,eleventh grade,Lucas LLC
John Crawford,john98@gmail.com,(255)360-6043,staff,operations,Kelseyborough University,freshman,"Singh, Nguyen and Rose"
Jacqueline Smith,davidsoncory@hotmail.com,895-614-0716x3310,staff,finance,Adamborough University,freshman,"Meyer, Boyd and Johnson"
Scott Smith,drangel@yahoo.com,5036764300,attendee,,Garrettview High School,eleventh grade,Moore LLC
Leslie Sanchez,clarklaura@yahoo.com,313-847-2931,admin,,North Beverly High School,ninth grade,Shaw-Hahn
Joshua Reyes,slopez@hotmail.com,+1-455-393-2727x41504,staff,finance,Pearsonfurt High School,eleventh grade,Stuart-Johnson
Jesse Fischer,amyhenson@hotmail.com,895-556-7839,staff,security,Williamburgh University,other,"Kirby, Banks and Smith"
Paul Ford,kaylamitchell@hotmail.com,823.832.6028x0026,staff,finance,Port Ericberg High School,tenth grade,Garcia-Norris
Mark Joyce,njohnson@yahoo.com,001-223-697-7059x61426,staff,registration,Maloneburgh University,phd,Ramirez-Bruce
Robert Baldwin,joseph31@yahoo.com,001-415-308-7136x618,attendee,,Lake Erica University,phd,Mccoy-Huber
Danielle Grant,sarah54@yahoo.com,434.741.6191x70308,attendee,,Danielbury University,sophomore,Tran PLC
Robert Dillon,fosteramy@gmail.com,+1-909-793-7945x6796,staff,operations,West Katherine University,sophomore,Johnson LLC
Karen Butler,sdavis@gmail.com,854-663-0937,attendee,,East Francesburgh High School,ninth grade,Jones and Sons
Theresa Rodriguez,rmyers@hotmail.com,001-314-935-1909,attendee,,Claytonchester High School,eleventh grade,"Cook, Montgomery and Marshall"
Tonya Boyd,jwade@gmail.com,001-993-340-3225x18138,attendee,,Lake Bruceburgh High School,tenth grade,Dunlap-Taylor
Lisa Sullivan,stephenswanda@gmail.com,(716)704-3085,attendee,,Port Davidview University,other,"Harris, Keller and Allen"
Terry Miller,kristinewhite@yahoo.com,(210)548-1861,attendee,,Pageburgh University,phd,Woodard-Smith
Bryan Rubio,krista02@yahoo.com,(345)425-3894x1738,attendee,,South Bryce University,sophomore,Johnson-Ellis
Jennifer Cameron,mariathompson@hotmail.com,(811)468-9538,attendee,,Greenshire High School,twelfth grade,Willis-Berger
Stacey Farrell,davidgregory@yahoo.com,950.801.8520,attendee,,Charleneburgh University,senior,Phillips Group
Adam Jones,pierceangela@gmail.com,+1-554-330-0525x990,attendee,,Erikashire High School,ninth grade,Tucker-Martinez
Roger Williams,nelsonregina@hotmail.com,7474499940,attendee,,Rowefurt High School,ninth grade,Arroyo-Phillips
Kara Humphrey,andrea52@yahoo.com,958.252.4736,attendee,,South Laurastad University,other,"Johnson, Allen and Graves"
Robyn Brewer,matthew16@hotmail.com,001-757-774-1017x28611,attendee,,Port Dawntown University,masters,Rogers-Alvarez
Morgan Lewis,marialopez@yahoo.com,001-717-908-6733x357,attendee,,North Lauren University,freshman,"Campbell, Alvarado and Pineda"
Bonnie Bauer,crystal06@yahoo.com,+1-484-995-8965,staff,finance,North Keithport University,senior,"Stevens, Hurst and Yang"
John Wade,colleen11@yahoo.com,476.276.8099,attendee,,West Katherine University,phd,Hunter and Sons
Chelsey Hubbard,rebecca85@hotmail.com,(455)787-0144,attendee,,Pagefort University,other,"Walker, Keith and Keith"
Susan Adams,fmurphy@gmail.com,001-325-862-3924x966,attendee,,Benjaminchester University,sophomore,"Sims, Wiggins and Campos"
Kent Collins,lindseyjackson@yahoo.com,(286)306-4676x717,staff,finance,Melissaland University,masters,Bennett-Cooley
Michelle Wright,dwayne09@yahoo.com,(834)534-5426,attendee,,Gardnershire High School,eleventh grade,Wolfe PLC
Pamela Bishop,allennatalie@hotmail.com,001-714-623-0481x8521,attendee,,Reyesmouth High School,ninth grade,Arellano Ltd
Mark Robinson,paul85@hotmail.com,975-728-6587x636,attendee,,Wangmouth University,sophomore,Davis Ltd
John Nelson,angela53@hotmail.com,6332124044,staff,finance,South Johnfort High School,tenth grade,"Sandoval, Pacheco and Parker"
Jennifer Meyers,ryan55@hotmail.com,601-735-2675x43547,staff,technology,Lisachester University,other,Johnson-Rasmussen
David Mercado,christopherdunn@yahoo.com,(930)535-9487x888,attendee,,North Edward High School,twelfth grade,Bennett-Thompson
Kyle Kirby,anthony07@gmail.com,+1-400-572-5635,attendee,,New James High School,tenth grade,Hunt-Wilson
Molly Taylor,matthew77@hotmail.com,+1-935-548-2905,attendee,,Carlosburgh University,freshman,Smith-Perry
Dalton Martin,lisapearson@gmail.com,(924)681-9044x186,admin,,Ashleybury High School,tenth grade,Rose-Wheeler
Michael Wright,brooke22@yahoo.com,238.806.5805,attendee,,Lake Ashley University,other,"Davis, Hunter and Cisneros"
Carolyn Baker,jenniferdavis@yahoo.com,938-822-5553x378,attendee,,Lake James University,other,"Steele, Bray and May"
Cody Bradford,ericgreen@gmail.com,+1-656-664-4371,attendee,,Michelleton High School,ninth grade,Rodriguez Inc
Charles Harrison,nicole98@gmail.com,339.420.4912,attendee,,Kennethbury University,masters,Gonzales Group
Laura Riley,matthew28@gmail.com,(848)522-6309x13989,attendee,,North Chase University,freshman,"Brooks, Valencia and Mccann"
Matthew Dunlap,lauren58@hotmail.com,740-890-3595x7736,attendee,,Port Jeremy University,other,Villegas-Martin
Autumn Norton,melanieyoung@gmail.com,(903)841-2530,attendee,,North Pamelaborough University,other,Sullivan PLC
Lori Schultz,delacruztina@hotmail.com,001-237-990-9368x3062,admin,,South Ross University,freshman,"Shannon, Wyatt and Roth"
Brenda Park,bowmanwhitney@yahoo.com,+1-711-814-3676x80134,staff,technology,South Pamelaburgh University,senior,Cohen LLC
Kristy Reeves,ellismark@yahoo.com,387-550-2013,attendee,,Foxview University,phd,Murray-Ward
Andrew Mcmahon,stephenwebb@hotmail.com,(757)787-9494x8609,attendee,,East Steven High School,ninth grade,Wilson PLC
Shawn Meyer,matthewwest@hotmail.com,+1-589-645-0181,attendee,,Lake Andrewland University,other,"Ramirez, Stevens and Wong"
Brandon Park,bradley35@hotmail.com,001-300-402-7485x880,staff,finance,East Julia University,sophomore,Pierce-Jacobs
Jennifer Lynch,brownryan@yahoo.com,555-316-0323x73816,attendee,,Curtisland University,senior,Stanley PLC
Tina Jenkins,jrogers@hotmail.com,335-451-8483,staff,security,Hartton University,freshman,George Ltd
James Lewis,brian96@gmail.com,001-878-772-5230x7017,attendee,,Port Destiny University,senior,Kirby Ltd
James Johnson,orodriguez@gmail.com,629-944-2541,staff,finance,Kevinmouth University,phd,"Montgomery, Bowen and Howell"
Katie Smith,aaronvargas@hotmail.com,+1-628-682-2045x97022,attendee,,Aliceberg High School,ninth grade,Lowery-Thomas
Robin Rivera,melinda72@yahoo.com,(350)514-5974x65606,staff,operations,Victorchester High School,eleventh grade,Johnson-Sullivan
Carl Walton,twhite@gmail.com,+1-604-400-7861,staff,operations,Port Ellenhaven University,other,Colon Inc
Xavier Duran,qberry@yahoo.com,529-852-1081,attendee,,New Briannahaven University,freshman,"Myers, Castillo and Stephens"
Jennifer Sutton,jnelson@hotmail.com,377-951-2190x8985,staff,security,Robertport University,masters,Avila-Hopkins
Michelle Gardner,rhondalewis@gmail.com,987-425-5302x908,staff,finance,Hansonhaven High School,eleventh grade,Moore-Villarreal
Marie Lewis,joefarley@yahoo.com,+1-870-492-4863x54835,attendee,,South Daniel High School,twelfth grade,"Walker, Walls and Morgan"
Jeffery Monroe,vromero@yahoo.com,671-292-7071x9193,attendee,,Simmonschester University,senior,Campbell Inc
Samantha Orr,rbarton@gmail.com,583.297.2827x40718,attendee,,New Lisamouth University,other,"Edwards, Reeves and Baxter"
Cory Trujillo,wadesamuel@gmail.com,+1-656-591-8161x1581,staff,technology,West Wayneton High School,ninth grade,"Williams, Price and White"
Tracy Martin,thomas67@gmail.com,+1-327-878-0135x3285,attendee,,Lake Laura High School,ninth grade,"Davis, Thomas and Mccullough"
Laura Lopez,onealrita@hotmail.com,+1-472-846-0280x1490,attendee,,Lake Johntown University,other,Johnson Inc
Kyle Jimenez,qcameron@hotmail.com,(266)962-3048x0238,admin,,South Brandon University,sophomore,"Hoffman, Young and Ryan"
Amanda Salazar,mikeward@gmail.com,(390)336-6241,attendee,,Perezview University,sophomore,Brown PLC
Tyler Hughes,fbauer@hotmail.com,(650)429-0581x176,attendee,,East Bradley High School,tenth grade,Alexander-Davis
Denise Zamora,bcombs@gmail.com,001-505-558-7422x442,attendee,,Matthewhaven High School,ninth grade,"Schmidt, Rhodes and Stanley"
Kathleen Kramer,tabithamorton@gmail.com,872-605-6543,attendee,,Alexton University,sophomore,Mathis Group
Steven Logan,deleonshannon@yahoo.com,001-842-621-3128x742,staff,finance,Port Daniel University,junior,Williams-Simon
Amy Peck,marymartinez@gmail.com,(396)493-9773x20396,attendee,,South Patricia University,phd,Barnes Group
Stephanie Griffin,rblack@hotmail.com,221.583.2505x6637,attendee,,Johnborough University,freshman,"Miller, Nielsen and King"
Garrett Nelson,hdavis@hotmail.com,4474837254,attendee,,Caseyhaven University,other,"Hernandez, Cox and Beasley"
Nicholas Johnson,lopezsamuel@hotmail.com,705-520-2954x23516,attendee,,South Brett High School,ninth grade,"Jackson, Reeves and Cochran"
Russell Lyons,davisjasmine@yahoo.com,(551)314-4317x997,admin,,East Brandonport High School,tenth grade,"Sharp, Fuentes and Zavala"
Steven Moreno,arthur62@gmail.com,001-258-948-5268x23043,attendee,,Marcstad University,senior,Miranda and Sons
Emily Hill,andreawolfe@gmail.com,(754)735-5742,attendee,,Ebonymouth University,sophomore,"Hernandez, Robertson and Jones"
Andrew Malone,jameswest@gmail.com,001-867-489-4139x548,attendee,,Spencerville High School,eleventh grade,Anderson-Bishop
Janice Cooper,rhondawilliams@yahoo.com,(436)274-8335,attendee,,Colemanmouth University,freshman,Rice LLC
Michael Wise,allison15@gmail.com,612.799.1725x165,attendee,,New Steven University,junior,Gonzales-Mckinney
Amanda Bradford,pjohnson@yahoo.com,001-704-752-6100,admin,,Lake Lindashire University,other,"Vargas, Wolf and Harrison"
Kristen Franklin,tayloradams@gmail.com,894.707.5910,attendee,,Rodriguezmouth University,other,Johnson-Smith
Cindy Becker,perezdawn@yahoo.com,+1-567-276-9598x73865,staff,operations,Andradeborough High School,tenth grade,"Andrews, Johnson and Walker"
Evan Mays,halltamara@gmail.com,001-371-256-3560x9829,admin,,Katherineview High School,ninth grade,Jimenez-Williams
Paul Green,tmiller@hotmail.com,001-890-876-1435x8071,staff,logistics,Meredithtown High School,eleventh grade,"Chan, Greer and Coffey"
James Daniels,sharon50@yahoo.com,(239)931-0981,staff,operations,Markfurt University,junior,Allen-Miller
Kevin Lin,bairdann@yahoo.com,001-845-355-9814,attendee,,Anitaburgh University,phd,Scott-Underwood
Brian Wilson,wfischer@gmail.com,+1-851-844-2564x971,attendee,,Melissabury University,phd,Heath-Mays
Morgan Harris,meganmejia@gmail.com,667-996-3471x024,attendee,,Peterfort University,sophomore,Vargas Group
Jennifer Anderson,huertadiane@yahoo.com,+1-749-550-5982x151,attendee,,West Maxmouth University,other,Anderson and Sons
Stephen Padilla,lanesusan@hotmail.com,202.295.3148,attendee,,West Kaitlynfurt University,freshman,Gaines PLC
Michelle Brown,fmaldonado@gmail.com,571-646-7482x5984,attendee,,Wagnerfurt University,sophomore,Williams Ltd
Brittany Wood,dwilliams@hotmail.com,(414)615-3926x3847,staff,finance,Mosston High School,eleventh grade,Alvarado Inc
Julia Holland,david47@hotmail.com,(764)663-1580,attendee,,Saraville University,senior,Ballard-Young
Christopher Huff,delacruzkristen@gmail.com,716-278-5902,staff,security,Trujillostad High School,ninth grade,Wong and Sons
Heidi Richardson,sbailey@yahoo.com,+1-690-959-6716,attendee,,North Davidmouth High School,ninth grade,"Hamilton, Carroll and Rowland"
Shane Love,michael55@gmail.com,835.379.0817,attendee,,Armstrongberg University,junior,Jenkins-Allen
James Garcia,johnmacias@gmail.com,+1-853-528-5404x2548,attendee,,East Bobbyport University,junior,Garcia Ltd
Megan Torres,christinekramer@hotmail.com,634.874.4357,admin,,Aliciashire High School,twelfth grade,"Johnson, Lee and Figueroa"
Richard Torres,liashley@gmail.com,(754)461-6580x97869,attendee,,New Leonardborough University,senior,Ferguson Ltd
Heather Harrington,lisa82@gmail.com,676-216-3767,staff,operations,North Janetfort University,phd,Phillips and Sons
Jill Dunn,michaelmason@yahoo.com,+1-421-544-1909x4726,staff,registration,Port Jamesmouth University,phd,"Lopez, Jensen and Sullivan"
Dawn Craig,wilkinsonwilliam@gmail.com,867.698.8376,attendee,,Charlesstad University,freshman,"Williams, Webster and Pierce"
Michael Nguyen,leonardrobin@gmail.com,001-241-872-2308,staff,finance,North Josephmouth University,senior,Spencer Ltd
April Alexander,wendy33@hotmail.com,001-504-920-7897x54974,staff,security,Port Paulstad High School,eleventh grade,Walton Group
Scott Rocha,fostercheryl@gmail.com,9993202569,attendee,,Lake Tommystad High School,eleventh grade,"Wheeler, Duncan and Alexander"
Christopher Jimenez,bmartin@hotmail.com,+1-346-622-5336,attendee,,Gabrielside High School,tenth grade,Sandoval Inc
Ann Cantrell,russell19@gmail.com,8708643307,attendee,,West Brittany University,sophomore,"Williams, Cook and Peterson"
Carla Davis,rubioallison@gmail.com,(879)470-0691x934,attendee,,Stephenville University,phd,"Anderson, Black and Friedman"
Aaron Johnson,phansen@hotmail.com,601.449.1720,staff,technology,New Brandychester High School,eleventh grade,"Robinson, Griffin and Medina"
Teresa Williams,joseph72@yahoo.com,226.525.6185x819,attendee,,Lake Erikville University,freshman,"Norman, Young and Becker"
Samantha Johnson,markthomas@gmail.com,713.339.3497x6095,attendee,,Deckerberg University,phd,"Shelton, White and Parker"
Brian Harvey,roy16@gmail.com,406-869-7272,attendee,,Brendamouth University,masters,Ramirez LLC
Donna Lopez,collierjeffery@yahoo.com,401.686.6994x3797,attendee,,East Kevin University,junior,Vaughn PLC
Heather Smith,ramosjoshua@yahoo.com,229.974.5404x49008,attendee,,Barnettfort University,masters,"Dorsey, Gordon and Villa"
Deanna Cook,bowerskelly@gmail.com,276-878-1761,attendee,,Averyton High School,tenth grade,Powers-Moore
Juan Roach,christinagraves@gmail.com,956-869-1847,attendee,,Paulberg High School,twelfth grade,Fisher-Brooks
Steven Bean,suzanne41@yahoo.com,969.539.0820,attendee,,Lake Denisetown University,phd,Mcbride-Anderson
Cynthia Mayer,brianablack@hotmail.com,(216)717-8566x468,attendee,,Millermouth High School,eleventh grade,May LLC
Michael Henry,normacarpenter@yahoo.com,(824)755-8894,attendee,,East Brian University,masters,Soto Group
David Downs,fmoyer@hotmail.com,553.945.1544,staff,security,Kimberlychester University,masters,"Gray, Fox and Mooney"
Terry Powell,mcintoshmathew@gmail.com,(630)463-7639,attendee,,New Mark University,masters,Humphrey-Novak
William Huber,markgarcia@hotmail.com,(763)483-2555,staff,logistics,Lake Timothyside High School,tenth grade,"Hoover, Peters and Cole"
Susan Morton,dmadden@yahoo.com,645.485.7704,attendee,,Samuelberg High School,twelfth grade,Jackson-Mcneil
Janet Lopez,harrelljeremy@gmail.com,(260)613-5672,attendee,,Timothyborough University,other,Whitehead-Ibarra
Lisa Garcia,ugardner@hotmail.com,874.362.9404x3279,attendee,,Lake Amy University,senior,Ibarra and Sons
Christopher Gregory,jason12@yahoo.com,810-481-9434x8108,attendee,,Averychester University,junior,Crawford PLC
Cameron Anderson,brookslisa@gmail.com,(910)310-5735,attendee,,Angelamouth University,sophomore,Russell-Hughes
Ashley Liu,hclark@hotmail.com,001-783-808-6096x84780,attendee,,West Angelicachester University,junior,Murray Ltd
Amanda Gomez,josephjones@yahoo.com,+1-624-584-9653x341,attendee,,Brendaberg University,other,"Brooks, Andrews and Ho"
Emily Johnson,susanhowell@yahoo.com,9412639754,staff,operations,Brooksburgh University,phd,Bailey-Graham
Alvin Peck,xjohnson@gmail.com,+1-721-355-8891x524,attendee,,Jamesmouth High School,twelfth grade,"Riddle, Barker and Hartman"
Vanessa Jones,grahamjason@yahoo.com,504.586.0832x903,attendee,,Forbesshire University,sophomore,"Perez, Cabrera and Downs"
Ryan Torres,ricardo00@yahoo.com,436.326.3661,staff,logistics,Spencerchester High School,eleventh grade,Hale Inc
Robert Fowler,johnstonjorge@yahoo.com,679.534.7647x88575,staff,registration,Danielmouth High School,tenth grade,Branch-Guerrero
Sherri Daniels,wwelch@yahoo.com,925.752.5939,staff,operations,Anthonyview High School,ninth grade,Moore-Campbell
Andrea Henderson,darrenryan@gmail.com,+1-837-521-7205,attendee,,South Janiceburgh High School,twelfth grade,Scott Group
Dennis Martinez,timothy10@yahoo.com,+1-705-413-8583x78976,staff,security,Lake Tinabury University,masters,Taylor-Bailey
Paul Hughes,watsonwesley@yahoo.com,+1-636-283-3695,attendee,,North Nicholas University,other,Hoffman PLC
Susan Hurley,donaldsongabriel@hotmail.com,001-905-255-0795x560,staff,finance,North Benjamin High School,tenth grade,"Anderson, Mata and Alexander"
Brenda Smith,javier28@yahoo.com,(603)268-8477,attendee,,New Davidbury High School,ninth grade,Stanley Inc
Tanya Thomas,jesse77@hotmail.com,8884030510,staff,logistics,South Tracy University,junior,Watson-Mason
Theresa Smith,armstrongveronica@gmail.com,634-901-4541x1926,attendee,,New Ashley High School,ninth grade,Meadows-Peters
Kristina Sims,johnny95@gmail.com,(368)816-4845,attendee,,Carolinetown University,other,Anderson-Robertson
Lynn Grant,summerwolfe@hotmail.com,5029707052,attendee,,Sanchezside University,senior,Hendrix-Richardson
Aaron Davis,erinleach@hotmail.com,920-903-7207x01737,attendee,,East Tracy High School,ninth grade,House-Nguyen
Kimberly Schultz,michael00@hotmail.com,792.424.0641,attendee,,Fernandezborough University,other,King-Alvarez
Derek Meyer,welchpaul@yahoo.com,4705120658,attendee,,Jonesville University,junior,Costa PLC
William Williams,soniamorton@hotmail.com,001-441-829-4583,staff,security,Port Rachael High School,tenth grade,"Yoder, Mendoza and Watson"
Nicole Contreras,jessica46@yahoo.com,614-371-1696x68162,staff,registration,Lake Matthew High School,ninth grade,Cross Ltd
Joseph Moore,brichards@hotmail.com,001-524-574-1156,attendee,,North Joel High School,ninth grade,Harrell PLC
Ryan Taylor,prhodes@gmail.com,910.214.5911x282,attendee,,East Carrie University,senior,Hopkins-Ray
Elizabeth Daniel,thowe@yahoo.com,+1-223-320-1713,attendee,,Jacksonmouth University,phd,"Perez, Suarez and Morrow"
Kim Valentine,bdavis@yahoo.com,001-709-664-4438x91770,attendee,,Sellershaven University,other,Garcia Inc
Terri Jones,justin89@hotmail.com,001-899-743-8903,attendee,,Floresland University,senior,"Padilla, Moore and Hanna"
Kenneth Morrison,blevinsrachel@hotmail.com,716.656.9149,staff,logistics,Lake Heather University,other,"Whitehead, Buchanan and Mccoy"
Terry Young,acook@gmail.com,+1-367-544-0699x6895,attendee,,Newmanfort High School,eleventh grade,Peterson-Cooper
James Jones,jeffreysanchez@yahoo.com,(201)792-2789x42931,admin,,Hamptonhaven University,freshman,Contreras-Fields
Aaron Powell,dakota30@hotmail.com,317-856-7722,staff,finance,Dominicville University,senior,Mora and Sons
Gregory Peterson,gabriel89@hotmail.com,681.814.2104x0882,attendee,,Adamfurt High School,tenth grade,"Olson, Walker and King"
Mrs. Lauren Bailey,andrew77@gmail.com,(531)314-7600x1981,attendee,,Gillespiestad University,phd,Murphy-Gomez
David Gomez,clopez@yahoo.com,(423)203-0927x583,admin,,Daniellefurt University,phd,Martinez LLC
Richard Brock,batesjasmine@hotmail.com,+1-468-323-7125x68530,attendee,,North David University,other,Avila-Sullivan
Jeffrey May,romanscott@yahoo.com,001-988-993-5935x97756,attendee,,Robertschester University,masters,Smith-Moore
Raymond Mccoy,esmith@yahoo.com,(948)474-7292x29172,attendee,,Annahaven University,junior,Ray Group
Jared Lane,davispatricia@gmail.com,(749)820-9126x15541,attendee,,Port Carlland High School,ninth grade,Morgan-Vasquez
Ashley Barnes,qhuerta@gmail.com,476-688-6781x93206,attendee,,Port Alanstad University,senior,Burton-Soto
Kevin Jackson,rebecca23@gmail.com,961.906.1360,attendee,,West Hollystad High School,twelfth grade,Bauer and Sons
Kimberly Alvarez,burkerita@yahoo.com,575.385.4383x374,staff,operations,Brittanyfort University,junior,Nelson-Davis
Carla White,patricksimon@hotmail.com,(518)333-0859x1262,attendee,,Janeburgh University,phd,Zimmerman and Sons
Jordan Gonzalez,xholmes@gmail.com,+1-210-225-8354x560,staff,logistics,Stewarthaven High School,ninth grade,Johnson PLC
Mary Wells,fisherbrady@gmail.com,(601)581-7653,attendee,,New Reneeshire University,senior,Garcia PLC
Sandy Barton,hannahallen@hotmail.com,9339523310,attendee,,Port Susan University,sophomore,Brady and Sons
Marilyn Gonzalez,raylaura@yahoo.com,405-379-9163x6679,staff,logistics,Laurenshire University,sophomore,"Giles, Roberts and Rubio"
Jessica Wise,nicholas59@hotmail.com,621.397.4119x167,attendee,,West James High School,ninth grade,Wells-Andrews
Michaela Gallegos,navarrojeffrey@gmail.com,(698)580-9949x44778,attendee,,Port Judyfurt High School,tenth grade,Marsh-Small
Terry Fuller,figueroawilliam@hotmail.com,872.439.3714,attendee,,North Mariashire High School,eleventh grade,Gonzalez-Porter
Kimberly Brooks,jessica08@hotmail.com,001-744-711-1552x98193,staff,finance,Stephanieport University,senior,Johnson Ltd
Diana Cardenas,ashleywu@hotmail.com,+1-931-864-0310x2954,attendee,,Taylorstad University,junior,Kemp-Long
Jeremy Hicks,robertwashington@hotmail.com,248-671-8753x0313,attendee,,Churchport High School,ninth grade,Lee-Grimes
Kathy Williams,reynoldsdeborah@hotmail.com,+1-423-685-9841,attendee,,South Thomas University,masters,"Brown, Vaughn and Horne"
Theresa King,thomas36@gmail.com,735-563-1911,staff,operations,Wolfeville High School,tenth grade,"White, King and Hansen"
Anita Lewis,perryjohn@yahoo.com,(991)669-2489x6475,staff,registration,East Michellemouth University,sophomore,Chen-Richardson
James Davis,tina10@hotmail.com,627-522-5357,attendee,,Port Christinachester University,phd,"Holmes, Salinas and Harris"
Jeffrey Perkins,corey15@gmail.com,605.732.9841x22642,attendee,,Lake Jose High School,ninth grade,Wilson-Keller
Bethany Howard,jenkinssherry@gmail.com,+1-203-977-8637x43786,attendee,,North Amytown University,other,Carlson-Mitchell
Angela Castro,josephcook@gmail.com,+1-298-268-2141x06415,attendee,,Roachview University,other,Brown LLC
Jeremy Humphrey,zpatton@yahoo.com,+1-258-866-7611x661,attendee,,Lake Charles University,phd,"Barrett, Jones and Parker"
Charles Parks,sherry69@gmail.com,529.362.2886,attendee,,West Jennifer High School,twelfth grade,Byrd and Sons
Charles Mueller,hthomas@hotmail.com,001-801-997-0704x1494,attendee,,Penachester High School,twelfth grade,"Evans, Smith and Jacobson"
Rita Moore,msalazar@gmail.com,+1-917-632-8636x706,attendee,,Andrewsfort University,phd,Hanson LLC
Theresa Ramos,amberhernandez@gmail.com,592.492.2430,attendee,,Morrisonstad High School,tenth grade,"Parsons, Hoffman and Mcintyre"
Donna Wiley,jimmack@hotmail.com,+1-313-659-7500,staff,logistics,Thompsonmouth High School,twelfth grade,Shepard-Andersen
Amy Cook,amandamcdaniel@hotmail.com,+1-602-906-9148,attendee,,Lake Charles High School,ninth grade,Miller and Sons
Brett Cowan,brandon63@hotmail.com,001-743-294-3532x3835,attendee,,Port Lisa High School,twelfth grade,Lawson-Hatfield
Crystal Hall,alexander20@yahoo.com,+1-387-835-1948,attendee,,Ashleyshire University,other,White Inc
Jonathan Mcfarland,uray@gmail.com,(491)230-0855x2228,attendee,,Jennifertown University,phd,Jones and Sons
Brandon Black,lesliedavis@hotmail.com,430-728-8158,attendee,,Ashleyland University,other,Caldwell-Hawkins
Charles Andrade,smckay@gmail.com,(837)678-9229,admin,,Glassfurt University,senior,Miller-Williams
Ryan Small,mario22@hotmail.com,(541)722-4556,admin,,Sabrinaton University,phd,Banks-Rodriguez
William Leonard,irichardson@gmail.com,647-680-0827x6181,attendee,,Anthonychester High School,twelfth grade,Jenkins LLC
Norman Lyons,richardfischer@yahoo.com,759.910.8708,attendee,,South Tina University,phd,"Evans, Alvarez and Shelton"
Jacob Brown,rspencer@yahoo.com,001-528-789-3567x794,attendee,,Port Danielville University,junior,Smith-Saunders
Karen Miller,ddavis@hotmail.com,582.394.2994,attendee,,Tylerhaven High School,ninth grade,West Ltd
Tanya White,schultzrebekah@gmail.com,+1-410-263-3547x0441,staff,logistics,East Seanview University,phd,Richmond-Davis
Brittney Sanchez,steven58@gmail.com,+1-299-239-8641x11998,attendee,,Fuentesborough University,phd,Baker Inc
Jeffery Bautista PhD,ecooper@yahoo.com,001-817-339-0602x40762,attendee,,South Patriciabury University,phd,Jones-Ortiz
Melissa Carey,whughes@gmail.com,+1-207-933-3544,staff,operations,Lake Troy University,junior,Garcia Ltd
Joel Harding,james89@yahoo.com,+1-990-496-6309x6616,attendee,,Port Laura High School,eleventh grade,Leon Inc
John Sanchez,karlamorton@yahoo.com,3697000657,attendee,,Knappton High School,eleventh grade,Yates-Schwartz
Amber Pitts,ernest73@gmail.com,001-378-690-6593,attendee,,Clarkport University,junior,Pierce-Jenkins
Brittany Barnes,kmoore@gmail.com,510.920.7638x7794,attendee,,Lindamouth High School,eleventh grade,Robertson-Scott
Catherine Berger,wagnerrobert@yahoo.com,580-360-5917x88468,attendee,,New Charlesburgh High School,ninth grade,"Henderson, Solis and Green"
Dustin Bell,markmadden@gmail.com,(283)918-3528,attendee,,Luisview University,sophomore,"Padilla, Daniels and Berg"
Sarah Mills,jodi24@hotmail.com,+1-842-348-4197x5351,attendee,,Randallport High School,eleventh grade,"Leonard, Hill and Foster"
Joshua Randolph,tanya43@gmail.com,210.943.0634x9488,attendee,,Jessicaton High School,ninth grade,Matthews PLC
Jared Rowland,taraboyle@yahoo.com,001-543-821-6813x443,attendee,,Port Vincent High School,ninth grade,"Donovan, Smith and Garcia"
Angela Simmons,stephaniepeterson@hotmail.com,+1-221-590-1358,staff,technology,New Carl University,phd,Delgado-Fitzgerald
Matthew Torres,andrea62@hotmail.com,+1-769-961-5624,attendee,,Jonestown High School,eleventh grade,Logan-Chandler
Ronald Tapia,lcortez@gmail.com,001-241-744-8643x6638,staff,operations,Benjaminhaven High School,eleventh grade,Ramsey LLC
Richard Burgess,michael31@yahoo.com,401-742-9557x675,staff,security,Stevehaven High School,tenth grade,Barker Inc
Robert Morris,dcollins@gmail.com,(742)496-1119x32973,staff,security,Phillipsview University,sophomore,"Perez, Ryan and Smith"
Krystal Calhoun,ellen06@yahoo.com,001-558-248-0421,attendee,,Danielton University,sophomore,"Nelson, Robertson and Fox"
Ryan Chambers,donnajohnson@hotmail.com,8088823617,attendee,,Ashleyton University,senior,"Avila, Campbell and Mitchell"
Kristen Howell,pramirez@yahoo.com,001-668-784-1182x84270,attendee,,East Carolynhaven High School,tenth grade,"Perkins, York and Gray"
Dan Shelton,benjamin74@hotmail.com,001-338-469-5236,attendee,,East Johnstad University,sophomore,Farrell and Sons
Daniel Aguirre,lmassey@yahoo.com,(279)274-4652,attendee,,East Allisonchester High School,tenth grade,Day PLC
Ivan Diaz,emilypatton@gmail.com,412-588-5191x775,attendee,,East William High School,ninth grade,Diaz-Chen
Justin Roach,lharris@hotmail.com,494.290.2180x030,attendee,,Danielshire University,senior,Duarte-Willis
Henry Larsen,jflores@gmail.com,396.825.4098x938,attendee,,New Melissa University,other,Saunders-Long
Tony Chang,desiree57@gmail.com,(732)577-2359x1081,attendee,,Kristyfort High School,eleventh grade,"Parker, Sanders and Davis"
Thomas Thompson,abrooks@yahoo.com,001-566-821-3244x5509,attendee,,Saraton High School,tenth grade,Robbins and Sons
Christopher Gonzalez,rebecca07@gmail.com,+1-887-729-0766,staff,technology,Belindaview High School,twelfth grade,Cooper-Osborne
Michael Alexander,diana22@hotmail.com,001-365-922-6260x70966,attendee,,South Joannborough University,masters,"Franklin, Meyers and Lynch"
Nancy Bailey,mmarks@hotmail.com,616-978-2114x8990,attendee,,North Amberborough High School,tenth grade,Steele-Holmes
Felicia Lambert,vross@yahoo.com,624.417.9530x709,attendee,,Angelamouth High School,ninth grade,"Cox, Smith and Garner"
Jackson Myers,erinwilson@gmail.com,531.259.8052x63533,staff,operations,East Codyland High School,ninth grade,Taylor-Michael
Christopher Webb,pwells@hotmail.com,772-866-6027,attendee,,Theresahaven University,freshman,"Martin, Myers and Molina"
Vanessa Smith,paulagolden@gmail.com,(664)264-2153x5981,staff,security,Gilbertport University,other,Allen-Floyd
Brian Dillon,terryrobert@hotmail.com,+1-967-206-8938x1186,attendee,,East Staceyside University,senior,"Hurley, Lopez and Delgado"
Jordan Mcintyre,piercecarol@yahoo.com,642-203-4210,attendee,,Lake Kyle High School,twelfth grade,Grant-Brown
Daniel Travis,jamesmercado@gmail.com,+1-454-854-8901x0229,staff,finance,Rosshaven University,other,"Williams, Reynolds and Werner"
Lynn Diaz MD,kelly48@hotmail.com,413.832.6365,attendee,,Greenmouth University,junior,Whitehead Inc
Melissa Carpenter,douglas34@yahoo.com,+1-943-220-4702x02255,attendee,,Cookfort University,phd,"Turner, Hall and Griffin"
Reginald Ortiz,jeffery38@yahoo.com,303.757.5107x137,attendee,,New Maurice High School,twelfth grade,"Miller, Price and Vega"
James Davis,carlosgrant@yahoo.com,339.992.1875,attendee,,East Nicole University,freshman,"Rivera, Brown and Francis"
Alyssa Floyd,prusso@yahoo.com,001-359-766-1028x134,attendee,,Lake Edward High School,eleventh grade,Hodges Ltd
Jo Martinez,fryelori@gmail.com,730.753.2593x89902,staff,technology,West Jonathanfort High School,ninth grade,Walker Ltd
Jamie Thompson,watersalexis@gmail.com,572-259-6445x12058,attendee,,Melanieborough High School,twelfth grade,"James, Higgins and Smith"
Christine Peters,opalmer@hotmail.com,001-495-727-3643x2733,attendee,,West Blake High School,eleventh grade,"Mcclain, Martin and Roberts"
Christopher Wilson,kathybradford@gmail.com,(505)398-5639x1014,staff,security,Lake Colleen University,phd,Cortez Inc
Mr. Mark Walton,brookehenry@hotmail.com,+1-226-697-5541,staff,registration,Sheppardstad University,sophomore,Jones PLC
Jack Bishop,gilbertbecky@gmail.com,+1-628-822-6901x98331,attendee,,Port Markshire University,freshman,Rodriguez Group
Justin Ford,gsmith@yahoo.com,468-485-4244x5878,attendee,,East Steven University,senior,Johnson Inc
Christy Peterson,davisangela@gmail.com,677-632-6385x41669,attendee,,East Bryanton University,senior,"Crawford, Gonzales and Williamson"
Matthew Kim,marklogan@gmail.com,001-500-447-7851x697,attendee,,North Phillipview University,sophomore,Merritt-Daniels
Dylan Hayes,bobby27@hotmail.com,655.252.5739x003,attendee,,Jeffersonmouth University,senior,Swanson-Barker
Lauren Fisher,lindamadden@hotmail.com,8469675142,staff,finance,Davidport University,phd,Castillo PLC
James Anderson,fordnicole@yahoo.com,001-943-510-7657x9162,admin,,New Devin High School,ninth grade,Chavez Inc
Andrew Doyle,brianacarlson@gmail.com,7175380620,attendee,,Brianborough High School,twelfth grade,Burns PLC
Laura Jensen,richard56@hotmail.com,8956760875,attendee,,New Scotttown University,phd,Rowland-Miller
Nicole Malone,coreymason@gmail.com,+1-545-549-0846,staff,registration,North Seanland High School,ninth grade,"Moyer, Daniels and Burton"
John Maynard,andersonaustin@yahoo.com,+1-673-671-6024x78404,attendee,,Robbinsburgh University,freshman,"Williams, Mitchell and Castro"
Becky Ochoa,anelson@gmail.com,666-964-5359x652,attendee,,Dayside University,junior,Preston Inc
Sabrina Malone,zyoung@gmail.com,9587162351,admin,,Caseburgh High School,tenth grade,Smith-West
Jared Ewing,chambersjacob@gmail.com,4326977031,attendee,,North Christymouth University,freshman,"Salas, Huffman and Flores"
Brent Dixon,morserodney@gmail.com,262-494-6365x383,attendee,,Claytonchester High School,tenth grade,"Smith, Yates and Thompson"
Jacqueline Singleton,jessica99@yahoo.com,485.906.5097,attendee,,Youngmouth University,freshman,Reyes LLC
Samantha Patterson,rodney55@yahoo.com,(400)523-0945,attendee,,Timothyberg High School,eleventh grade,Burns-Sanchez
Victor Bender,williamskathy@gmail.com,609.798.1959x72274,attendee,,Frankbury High School,tenth grade,Welch-Adams
Joshua Conley,kevin05@hotmail.com,+1-677-989-5404x75843,attendee,,Jessicamouth High School,ninth grade,"Grant, Hernandez and Garcia"
David Robinson,adriana01@hotmail.com,(432)891-4159,attendee,,Nicholsonberg University,masters,Gentry-Cox
Tracy Patterson,cray@hotmail.com,283.351.3747,attendee,,Lake Ryanville University,other,Mata-Simmons
Bradley Nguyen,forbeskeith@gmail.com,(389)393-4869x54132,staff,technology,West Richardport University,phd,Cooper PLC
John Lewis,emilyali@hotmail.com,(488)692-8731,admin,,West Shawnburgh High School,tenth grade,Brown Inc
Xavier Ayers,robert34@gmail.com,+1-582-613-0735,attendee,,Brendanside University,sophomore,Thomas-Howard
Beverly Clark,slee@gmail.com,(936)439-2534x62180,admin,,South Matthewfort High School,tenth grade,Brown-Collins
Cynthia Wang,hernandezrobert@gmail.com,+1-564-200-5067x09214,attendee,,Gabrielhaven University,phd,Vasquez-Williams
Kenneth Nelson,griffinchristopher@yahoo.com,766.372.7547x47730,attendee,,Hallside High School,twelfth grade,"Farmer, Hall and Flores"
Natalie Kemp,david50@hotmail.com,001-397-815-7274x13220,staff,operations,Burnsland High School,tenth grade,Hart PLC
Eric Colon,nicholas88@gmail.com,(839)814-5196,staff,logistics,Reidfort University,sophomore,"Harris, Wolfe and Fry"
Matthew Houston,amberedwards@hotmail.com,959.439.3203x75557,attendee,,South Sabrinabury High School,eleventh grade,Perez Inc
Theresa Fuller,nataliegonzalez@yahoo.com,405-620-8355,staff,registration,Annshire University,other,Powell-Horne
Tami Crosby,amydaniel@yahoo.com,574-817-7463x6335,attendee,,New Michael High School,tenth grade,Haynes PLC
Steven Shelton,marissa74@yahoo.com,865-948-2839x466,attendee,,East Tinatown High School,ninth grade,Hopkins-Rodriguez
Richard Smith,jessicathompson@yahoo.com,(382)890-3306x465,attendee,,Lake Jason High School,eleventh grade,"Crawford, Powell and Ward"
Barbara Hawkins,rodneyrose@yahoo.com,3292824711,staff,operations,East Brian High School,tenth grade,Jacobson-Dean
Kelsey Moss,lindabaker@hotmail.com,381-319-5534,attendee,,New Courtney University,sophomore,Hudson-Clark
Eric Henderson,markross@hotmail.com,596.200.5714x214,attendee,,North Michael University,phd,Pierce Group
Mrs. Mikayla Martinez,udillon@yahoo.com,+1-821-420-6833x864,attendee,,Whitefurt High School,twelfth grade,Sanchez-Jimenez
Cindy Bell,sara72@hotmail.com,7588786508,attendee,,Edwardsport University,masters,Noble-Russell
Chase Gonzalez,melissa27@gmail.com,(776)696-0893x44423,attendee,,East Nicole University,senior,"Giles, Robertson and Yang"
Lindsay Grant,richardsonmichelle@gmail.com,(405)733-6052,staff,logistics,Allisonstad University,senior,Howard and Sons
Diane Johnson,kylehoward@hotmail.com,(946)582-9465x46871,attendee,,South Ann University,phd,Morrison-Gonzalez
Jacqueline Harper,khuber@yahoo.com,+1-213-689-5737x6898,attendee,,East Breannafort University,junior,Hansen-Young
Sarah Graham,kpratt@yahoo.com,001-618-814-5968x361,admin,,Robertsonberg University,masters,Carr-Ramos
Ricky Vaughan,carolwilliamson@yahoo.com,503.423.3725,attendee,,Phillipville University,other,Jackson-Evans
James Acosta,christinewilliams@hotmail.com,715-900-9001,staff,technology,Lake Elizabethtown University,sophomore,Ruiz LLC
Laura Williams,edwardjennings@hotmail.com,(210)622-4545x53754,attendee,,South Jameston University,sophomore,Pruitt-Fleming
Cheryl Myers,lauragonzalez@hotmail.com,+1-844-672-6512,attendee,,Shannonbury University,sophomore,"Paul, Rodriguez and Copeland"
Albert Miller,timothypennington@yahoo.com,(258)948-5964x4537,staff,logistics,West Crystal University,junior,Buckley Ltd
Phyllis Scott,dianajordan@gmail.com,+1-586-502-3991,staff,finance,South William University,senior,Jackson and Sons
Christopher Gibson,hannahchristensen@yahoo.com,+1-935-435-8249x117,staff,registration,West Christinechester University,freshman,Adams Group
Nicholas Davies,michael98@gmail.com,+1-691-342-4180,attendee,,New Kimberly High School,eleventh grade,"Fisher, Pace and Martinez"
Alexander Moody,nchoi@gmail.com,448.904.4975x36140,attendee,,Garciamouth High School,eleventh grade,"Miller, Klein and Shepard"
Richard Palmer,rlewis@gmail.com,(488)849-1999,attendee,,Cooleyland University,junior,Kennedy Group
Brian Turner,rileycharles@gmail.com,734.866.9307,staff,logistics,Garciafort University,sophomore,Chapman LLC
Nathan Smith,farmeralisha@gmail.com,8384993849,attendee,,Port Christopherport University,senior,Fleming-Berry
Jennifer Martin,john92@hotmail.com,+1-501-995-0899x70043,attendee,,Nelsontown University,junior,King-Moody
Becky Hughes,carolynmiller@yahoo.com,+1-572-642-9725x3918,attendee,,West Heathermouth High School,twelfth grade,Shaffer-Owens
Robert Johns,jeffreyjohnson@gmail.com,695-516-8155,admin,,Wilsonfort University,sophomore,"Gutierrez, Payne and Jones"
Lisa Graves,petersonanthony@hotmail.com,8092387318,admin,,Jermaineport High School,tenth grade,Dominguez and Sons
Carlos Anderson,ppatel@hotmail.com,656.629.7871x536,attendee,,Donovanmouth University,junior,"Powell, Costa and Ford"
Charles Garcia,john53@hotmail.com,(691)844-2776x234,staff,technology,Carolynshire High School,tenth grade,Wilson Group
Sean Bailey,deborah68@gmail.com,(535)814-7260x8181,staff,technology,Dillonbury University,phd,Marshall-Lawrence
Larry Diaz,leephilip@gmail.com,+1-947-330-7968,attendee,,West Mary University,other,Cox-Moreno
Regina Torres,petersondavid@gmail.com,001-406-599-6155x13266,admin,,Burtontown High School,tenth grade,Dennis-Hernandez
Teresa Franco,teresa13@yahoo.com,(330)504-5958x82639,attendee,,Port Kerri High School,ninth grade,Johnson Group
Lynn Hendricks,petersenjanet@gmail.com,4245876030,attendee,,Port Karen High School,twelfth grade,Reynolds and Sons
Wyatt Merritt,tranelizabeth@hotmail.com,+1-590-282-6879x4879,admin,,Robinsonville University,sophomore,"Lopez, Bates and Phelps"
Kimberly Spencer,jonathancarter@gmail.com,719-881-2010,attendee,,Kaufmanmouth High School,eleventh grade,Erickson-Wyatt
James Roach,kevinwest@hotmail.com,392-282-6751,staff,technology,Goodmanton High School,ninth grade,"Sellers, Phillips and Williams"
Travis Harmon,michaelgomez@hotmail.com,965-829-1510,attendee,,Bennettborough University,senior,Smith-Williams
Rebecca Tyler,edwardrodgers@hotmail.com,(909)551-6221x3953,attendee,,New Debra University,freshman,Travis-Washington
Bradley Villanueva,carolgibson@hotmail.com,301-254-1908x69971,staff,security,Evelynchester University,senior,"Cohen, Haas and Sellers"
Oscar Morales,awu@hotmail.com,(702)588-5652x88584,attendee,,Pittsfurt University,sophomore,Rodriguez LLC
Shane Tran,reyeskimberly@yahoo.com,+1-271-390-9945x707,attendee,,Kelleystad University,other,"Gonzalez, Johnson and Dalton"
Mark Jackson,rebeccabates@gmail.com,(209)268-9501x66862,attendee,,West Ernestfort High School,tenth grade,"James, Walters and Jones"
Ashley Johnson,billy58@yahoo.com,+1-534-325-8961x5719,attendee,,West Christopherchester University,freshman,Burns Group
Jill Moreno,brownkathleen@gmail.com,(518)662-9807x391,staff,technology,New Nicholas University,sophomore,"Crane, Martin and Thomas"
Samantha Morrison,lisa62@gmail.com,(534)547-7073x72744,attendee,,Sandratown University,masters,Wright LLC
Katie Benjamin,crichardson@gmail.com,(621)217-6983x194,admin,,Hillport University,junior,"Carr, Morse and Pitts"
Anne Stephens,hansoneric@hotmail.com,779.784.2498x4897,staff,security,East Vicki University,junior,Cooper PLC
Alexander Cooper,albert61@hotmail.com,+1-316-341-2013x87184,admin,,Rodriguezfurt High School,twelfth grade,Mcguire-Peterson
Nancy Young,david40@yahoo.com,561-447-7544,attendee,,Morenofurt High School,eleventh grade,Peterson Inc
Reginald Clark,xjames@gmail.com,+1-804-923-9241x1578,attendee,,East Madelineshire High School,eleventh grade,"Cardenas, Fernandez and Guerrero"
Alexander Peterson,kimrobert@yahoo.com,727-360-8965,attendee,,Joannefort High School,eleventh grade,Knight-Campbell
Elizabeth Johnson,njackson@yahoo.com,7004689002,staff,operations,Patriciaberg University,freshman,Haynes-Riddle
Melissa Willis,timothy75@hotmail.com,365.388.6825x968,staff,finance,East Devin University,other,"Prince, White and Alvarez"
Jeffrey Ramirez,patriciabutler@hotmail.com,295-882-6273,attendee,,Brightfort University,masters,Warner-Rice
Susan Blake,michellemaldonado@hotmail.com,714.864.5430,attendee,,North Kristina High School,ninth grade,Curry-Berry
Ashley Vance,underwoodkatherine@gmail.com,(535)695-7750x34230,attendee,,Huangport University,senior,"Walsh, Martin and Parker"
Kenneth Lewis,framirez@yahoo.com,(300)267-0932x4511,attendee,,Stephanieside University,other,Holmes PLC
Jennifer Riley,chadsmith@hotmail.com,+1-936-577-1468,attendee,,Port Cristian High School,eleventh grade,King-Thomas
Elizabeth Salazar,cgarcia@hotmail.com,390.352.2532x04163,staff,operations,Riverahaven High School,twelfth grade,Buchanan Group
Justin West,james71@gmail.com,219-571-9500,attendee,,East Nancytown University,phd,Barber-Howard
Patrick Allen,tracyjoseph@gmail.com,(643)816-2358x2358,attendee,,North Johnberg University,junior,Harper-Randall
Diana Stewart,josephrowe@gmail.com,570.892.1673,staff,operations,East Bobbyfurt High School,tenth grade,Hayes-Sims
Kelly Galvan,samantha77@hotmail.com,398-909-1396x95885,staff,logistics,Ryanberg University,senior,"Savage, Tucker and White"
Rebecca Wright,ngarcia@gmail.com,841.357.6004,staff,technology,Alanmouth University,senior,Roberson LLC
Erin Riddle,lori68@gmail.com,(757)715-5187x56989,attendee,,North Meganmouth University,phd,Miller Ltd
Kathryn Garcia,amy02@gmail.com,894.491.4887x611,staff,operations,East Joseph University,junior,Martin-Good
Pamela Waters,smithandre@gmail.com,221.412.3900x1696,attendee,,Mendozafort University,other,Cole Inc
Denise Cox,valerie77@gmail.com,+1-237-849-7134x31970,attendee,,Mckenzieport University,phd,Brown PLC
Daniel Miller,dylanmiller@hotmail.com,677-493-9336,attendee,,Judyhaven University,other,Moore PLC
Derek Beasley,tadams@gmail.com,+1-891-670-5394x799,staff,security,North Elizabethmouth University,senior,"Rogers, Guzman and Gentry"
Andrew Cook,jonathonpeters@gmail.com,498.763.6427x4362,attendee,,Autumnville University,phd,Bautista Ltd
Christopher Allison,rogerdavis@hotmail.com,(546)677-2986x418,attendee,,North Tylerburgh University,sophomore,Beck LLC
Robin Gibbs,danderson@gmail.com,965-448-5842x7056,staff,technology,Stephenfort High School,twelfth grade,Clark LLC
Leah Gordon,steven66@yahoo.com,+1-661-332-2423x5183,attendee,,Lake Kyle High School,twelfth grade,"Evans, White and Davis"
Mary Hughes,claudia13@yahoo.com,(320)553-9099,attendee,,Paulachester High School,ninth grade,"Lindsey, Carpenter and Patton"
Lisa Booker,monroeedwin@hotmail.com,911-990-9556,attendee,,Patelbury University,senior,"Johnson, Walker and Smith"
Paul Valdez,sheltonjamie@gmail.com,+1-717-744-3043x0319,attendee,,Byrdmouth University,other,Vargas LLC
April Miller,xgray@hotmail.com,442-559-1095x8067,staff,finance,West Davidshire High School,twelfth grade,Allen and Sons
Jeremy Wilson,cwolfe@hotmail.com,(266)987-5699,attendee,,Millerview High School,ninth grade,Joseph-Levine
Jose Chavez,powellrandy@gmail.com,001-919-557-9644x91264,staff,operations,Clarkland University,other,Gray LLC
Scott Warren,scottibarra@hotmail.com,407.287.0225x7382,attendee,,Jerryville University,freshman,"Vasquez, Callahan and Kennedy"
Daniel Rhodes,christopher95@hotmail.com,(305)497-2342,staff,technology,North Keith University,phd,Wilson-Fox
Beverly Wright,samantha01@gmail.com,806.660.9247,attendee,,New Manuel High School,tenth grade,"Hill, Galvan and Baker"
John Harris,brookechaney@hotmail.com,982.246.6723x6212,attendee,,Jenniferfort High School,tenth grade,Parker-Myers
Mary Porter,matthewstone@yahoo.com,001-548-430-8321x89938,attendee,,Jameston University,junior,Reynolds LLC
Benjamin Lane,kyle07@yahoo.com,(696)587-9469,staff,security,North Barryport University,phd,Burnett and Sons
Jacob Blevins,umitchell@yahoo.com,+1-794-416-1815x25992,attendee,,Bradside High School,twelfth grade,"Curry, Carter and Berry"
Patty Oconnor,dianaclark@gmail.com,+1-592-957-1439x923,admin,,Port Thomasfurt University,freshman,Figueroa-Villa
Luis Lewis,garybrown@yahoo.com,3656587231,attendee,,Melindamouth University,senior,Nelson Inc
Mary Michael,douglaslamb@gmail.com,(482)537-4260,attendee,,Michellefurt University,freshman,Clark-Allen
Luis Anderson,boydcarlos@yahoo.com,687-350-1365,attendee,,Sheilaville University,senior,Williams Ltd
Michael Mayer,douglas47@hotmail.com,3347096231,attendee,,North Andrew University,sophomore,"Williams, Malone and Edwards"
Mr. Paul Woods,rebecca37@hotmail.com,6229212728,attendee,,Jacobville University,senior,"Clark, Anderson and Dickerson"
Daniel Drake,cookricky@hotmail.com,569-366-2035x05264,staff,security,Brownhaven University,phd,Garrison PLC
Taylor Gonzalez,tmann@hotmail.com,530.865.4348x510,staff,technology,Lake Jacqueline University,masters,Strickland-Ingram
Thomas Perez,hopkinsjennifer@yahoo.com,(783)358-7710,staff,technology,Brandonburgh University,phd,Marks-Luna
Mary Anderson,meaganblackburn@yahoo.com,(619)504-2365x16707,attendee,,New Evelynmouth University,junior,"Sharp, Sutton and Barber"
Anna Roberts,emily49@hotmail.com,+1-921-474-6049x9414,attendee,,Port Joefurt High School,tenth grade,Santos PLC
Lauren Orr,harrisderrick@yahoo.com,001-903-394-1896x3829,attendee,,Lake Leahport University,senior,"Adams, Ramirez and Adams"
Melissa Gallagher,hudsonamanda@gmail.com,975-590-2205x85137,attendee,,Johnsonberg University,masters,Smith LLC
Julie Johnson,taylormichael@yahoo.com,001-326-661-6341x48720,staff,technology,Port Jessicaberg University,masters,Myers and Sons
David Watson,marthaevans@gmail.com,+1-373-922-3450x548,attendee,,South Jessica University,other,Miller PLC
James Wilson,sstout@gmail.com,897-701-0611x17070,attendee,,Williamsmouth University,phd,Glenn Inc
Raymond Friedman,qshepherd@yahoo.com,001-416-853-3204x167,attendee,,Taraville High School,tenth grade,"Jensen, Gibson and Carpenter"
David Collins,joseph86@gmail.com,(942)523-8537x620,attendee,,Robinsonview University,freshman,Frost Group
Edward Buck,elizabethhicks@yahoo.com,6474232702,attendee,,Loriland University,junior,Davis PLC
Veronica Thomas,brian46@gmail.com,2403939437,staff,security,Dianabury High School,tenth grade,Allen Ltd
Matthew Parrish,gonzalezcaleb@hotmail.com,3709211986,staff,registration,Santiagoview University,masters,Clay and Sons
Matthew Pineda,wanderson@gmail.com,710-454-0584x6282,attendee,,South Danaport High School,ninth grade,Casey-Huff
John Patterson,andrewsmichael@hotmail.com,+1-218-276-5663x090,staff,logistics,Port Ashley High School,eleventh grade,Brady LLC
Martha Pineda,imoore@yahoo.com,(990)201-8201,attendee,,New Nicholaston University,masters,Bennett Ltd
Dr. Kristen Martinez,djohnson@gmail.com,001-687-723-2933,attendee,,Natashaburgh University,junior,Silva-Floyd
Mrs. Kelli Martin,jasonsmith@gmail.com,+1-604-242-9539,attendee,,Lake Jeffrey High School,twelfth grade,"Davis, Hubbard and Sellers"
Elizabeth Mendoza,gibsonnancy@hotmail.com,001-700-570-7380x719,staff,technology,Port Joannaburgh University,other,Carson-Estrada
Eric Christian,gregory03@hotmail.com,(953)679-7041,attendee,,Hawkinsville University,masters,Benton-Bennett
Brett Price,nicole19@yahoo.com,405.999.2347x4444,staff,logistics,South Lindseyton High School,tenth grade,Luna-Green
Maria Gutierrez,fdavis@gmail.com,621.252.6215,attendee,,Riverafort University,phd,Rodgers and Sons
James Ritter,whitakerdeborah@gmail.com,+1-574-471-5492x94304,staff,operations,Lake Devin High School,tenth grade,Chang-Jones
Melanie Stephens,michaelmeyer@hotmail.com,001-284-887-1068x200,attendee,,Arianafort High School,twelfth grade,"Holland, Hall and Turner"
David Wilson,jonesronald@yahoo.com,(542)582-4101x7651,attendee,,Prestonberg University,phd,"Richardson, Brown and Bradley"
Scott Harris,preid@yahoo.com,+1-731-767-0513x19122,attendee,,Greenmouth University,freshman,Blair Inc
Lisa Porter,barnesgregory@hotmail.com,(254)478-1208x3573,attendee,,Port Maryland High School,ninth grade,"Flores, Nelson and Tapia"
Rachel Baird,katherine06@hotmail.com,(929)331-1917,staff,security,North Ricky University,sophomore,Warren and Sons
Regina Ramos,thomas57@yahoo.com,458.843.0903x421,attendee,,East Crystalshire University,sophomore,"Paul, Mills and Richardson"
Peter Hines,amandasmith@hotmail.com,705-798-1780x231,attendee,,Snydermouth University,junior,Cole-Rich
Jeff Archer,gonzalesjamie@gmail.com,(435)386-1456x65805,attendee,,Lake Nancytown University,freshman,Lee and Sons
Michael Collins,brandonsheppard@hotmail.com,790.364.5709,attendee,,West Michael University,junior,Smith and Sons
Katherine Blevins,lauren89@hotmail.com,851-696-4251x56269,attendee,,Garciahaven University,masters,Montgomery-Fitzgerald
Billy Cantu,stephenfrazier@hotmail.com,658-257-1449x234,staff,operations,Port Carolineland High School,tenth grade,Simpson-Stephens
Charles Mora,wilsonisabel@hotmail.com,(948)631-4500x0421,attendee,,West Adam High School,twelfth grade,"Cooper, Cooper and Phillips"
Tonya King,vbailey@gmail.com,+1-686-488-5094x72912,attendee,,Michaelmouth University,freshman,Raymond-Rice
Courtney Jones,pphillips@yahoo.com,001-400-354-5036x328,attendee,,Williamview University,junior,"Townsend, Zamora and Pittman"
Charles Jones,bryan08@gmail.com,+1-495-362-0454x06576,attendee,,Martinezstad High School,twelfth grade,Glass Inc
Martin King,smithbrandy@yahoo.com,583-751-3735x557,attendee,,Port Christopherview University,masters,Young-Robinson
Jessica Martinez MD,annastrong@gmail.com,986-863-0453x5803,attendee,,Cookville University,senior,Harding Ltd
Scott Morgan,clarkelizabeth@yahoo.com,+1-700-547-2765x80355,attendee,,Ramirezborough High School,twelfth grade,"Huynh, Madden and Farley"
Rachel Riggs,austingarrett@yahoo.com,(314)558-2338x3798,attendee,,Port Chrisstad University,phd,Choi-Schroeder
Maria Harris,meyerjames@hotmail.com,(732)820-7104x068,attendee,,Mauriceshire University,senior,Weaver-Collins
Michael Williams,owilliams@yahoo.com,812-546-0666x31458,attendee,,Welchville University,phd,Douglas-Stewart
Stephanie Collins,brent37@gmail.com,665-619-8548x75797,attendee,,North Sierraberg University,senior,"Lynch, Baker and Adams"
Lindsey Hernandez,vlawrence@yahoo.com,+1-711-661-7121x02903,attendee,,Heatherbury University,senior,"Torres, Medina and Vargas"
Karl Snyder,joel56@yahoo.com,3376176392,staff,registration,Butlermouth University,sophomore,"Moreno, Smith and Foster"
Hannah Lewis,marcusharris@hotmail.com,231-968-4708,attendee,,Housebury High School,eleventh grade,Washington-Smith
Michele Ford,lorilee@yahoo.com,+1-556-995-8997x399,staff,operations,West Joshua High School,eleventh grade,Willis and Sons
Mary Olson,zthompson@gmail.com,5929225267,attendee,,Lopezberg University,junior,Parsons-Acosta
David Mendoza,huntjoshua@hotmail.com,473.351.7563x4737,attendee,,Lake Yeseniaview University,junior,Wilson LLC
Teresa Chen,kimberly67@yahoo.com,6967832869,attendee,,Meganstad High School,eleventh grade,"Hall, Johnson and Dodson"
Laura Koch MD,eric44@hotmail.com,971-605-3189x46639,attendee,,Julieport University,phd,Martinez PLC
Colleen Brown,sanderschristopher@gmail.com,823.752.6503x8698,attendee,,North Gloriaborough High School,ninth grade,"Mitchell, Young and Jenkins"
Nicole Alvarado,jennifercarter@yahoo.com,+1-805-375-5417,attendee,,Medinaville University,freshman,Wilson-Joseph
William Massey,mark30@gmail.com,+1-358-322-6426x00374,attendee,,Lake Christopherhaven High School,ninth grade,"Buckley, Scott and Curry"
Andrew White,danahaley@gmail.com,(210)572-8057x942,attendee,,Ashleyburgh University,phd,Cabrera-Marshall
Jennifer Johnson,zamoracourtney@gmail.com,816-848-3277,attendee,,South Victoria University,masters,Harris-Frost
Erica Conway,robinsondonald@yahoo.com,473-500-2627x2213,staff,logistics,Jerryberg University,senior,Stanley-Garcia
Caroline Munoz,njenkins@hotmail.com,+1-927-661-7650,staff,registration,Dianeland University,masters,"Campbell, Brown and Brennan"
Paul Carr,allentraci@hotmail.com,237-566-9454x75583,attendee,,Reginaldtown University,phd,Clay-Jacobs
James Johnson,pierceterrence@hotmail.com,001-877-927-3205x777,attendee,,Laurenside University,other,Garcia LLC
Jennifer Edwards,jimenezjustin@yahoo.com,(927)416-5002,attendee,,Susanmouth University,masters,Henderson Inc
George Harris,corozco@hotmail.com,(413)622-3663x364,attendee,,Priceborough University,senior,Guzman-Banks
Matthew Dudley,jessicaerickson@yahoo.com,542-995-1264x974,staff,operations,Lindafort University,sophomore,Green-Johnson
Amanda Allen,sloanwilliam@gmail.com,001-895-889-5499,attendee,,New Joshua High School,twelfth grade,Gomez Inc
Angelica Walters,nelsonjoseph@hotmail.com,(368)297-8865x7134,attendee,,Williamport University,phd,Holmes Inc
Timothy Hopkins,pjohnson@hotmail.com,670-764-0397x96604,attendee,,North David High School,twelfth grade,Scott LLC
Christopher Carpenter MD,gbailey@hotmail.com,+1-810-263-1607x388,attendee,,Port Kennethport High School,tenth grade,Hernandez LLC
Ernest Smith,gentryphillip@hotmail.com,(448)205-5863x31970,admin,,Woodwardchester University,freshman,Ramos-Frank
Latoya Williams,ysmith@hotmail.com,841-985-0394x17129,attendee,,Tracieberg University,freshman,"Bush, Butler and Levy"
Jamie Smith,veronicawilliams@gmail.com,001-765-310-4111x293,attendee,,Wesleyhaven University,junior,Marshall Group
Brittany Jacobson,bradley03@yahoo.com,324.737.1452,attendee,,Patelstad University,sophomore,Foster-Baker
Bryan Moore,nicole93@yahoo.com,312.753.7439,attendee,,North Melissaside High School,tenth grade,Jackson-Vance
Andrea Evans,wrightnancy@hotmail.com,001-266-618-2716,attendee,,Thomasport University,junior,Andrews LLC
Jason Hernandez,conwaycarolyn@hotmail.com,800-346-5073,staff,technology,West Thomasberg University,sophomore,"Boyd, Castro and Martin"
